subject,Trial Number,Condition Index,Probe Index,Sector Index,Absolute Tilt,Probe Angle,Reaction Time
5,1,0,1,1,74.00067,41.87812,4.915885
5,2,2,1,1,70.24377,69.11151,2.45697
5,3,0,0,9,278.8093,337.8885,1.8318
5,4,1,0,4,99.03439,150.8228,3.387654
5,5,3,1,4,111.2027,148.3421,0.7168723
5,6,1,1,9,290.0418,324.7563,3.873994
5,7,2,1,8,293.0445,295.2484,3.221551
5,8,1,0,7,250.2283,255.2318,4.002746
5,9,1,0,0,65.23248,34.90158,1.721498
5,10,1,1,4,120.1739,146.8114,2.955206
5,11,3,0,4,189.3487,177.5144,4.066326
5,12,1,0,0,78.73688,33.76141,6.354111
5,13,3,1,9,296.8668,334.9531,6.349396
5,14,3,1,2,90.89563,96.04018,6.145061
5,15,1,0,1,89.30798,37.76045,3.905966
5,16,2,1,3,92.77673,138.1072,3.08848
5,17,0,0,4,163.4467,164.3016,4.365727
5,18,0,1,6,248.8233,216.2087,0.8807404
5,19,1,0,6,244.63,235.7625,8.022825
5,20,0,1,4,91.87158,147.6739,4.962655
5,21,0,0,7,261.1375,268.3835,4.466789
5,22,2,0,1,74.80194,54.22911,2.606962
5,23,3,0,1,70.63544,57.21269,3.883
5,24,1,1,4,165.5336,164.2357,3.921368
5,25,2,0,4,176.3921,166.9427,3.25519
5,26,0,1,7,259.2368,286.607,2.744617
5,27,1,0,8,270.0112,303.6439,5.154253
5,28,1,0,1,88.103,51.74031,4.537521
5,29,3,0,6,270.7055,248.0186,7.368203
5,30,1,1,6,267.1988,241.7192,7.672019
5,31,0,0,5,184.215,188.6023,4.176214
5,32,0,1,4,114.6191,150.0687,4.351833
5,33,2,1,2,64.92096,84.179,1.606518
5,34,3,1,5,210.314,198.6082,2.500412
5,35,0,0,3,112.9534,115.4149,7.213196
5,36,1,0,5,180.7886,181.3013,3.020804
5,37,0,1,3,97.43604,111.4075,4.430897
5,38,2,0,3,100.3739,114.949,5.237627
5,39,0,0,9,310.1079,337.1873,4.164872
5,40,1,0,9,323.6944,343.0021,2.23711
5,41,2,1,9,339.2443,357.0764,5.407059
5,42,2,1,1,65.37119,62.06948,3.883384
5,43,2,0,3,115.1191,114.029,2.105073
5,44,2,1,6,295.1101,247.9339,4.539536
5,45,0,1,9,344.8374,352.8217,4.380718
5,46,2,0,1,75.07397,45.8745,2.437547
5,47,3,0,9,353.7945,351.9343,11.30028
5,48,0,1,5,174.8687,184.2039,4.449699
5,49,3,0,5,196.052,204.8508,3.033868
5,50,0,0,7,213.4767,260.1851,4.066971
5,51,2,1,5,225.4909,200.837,3.856267
5,52,0,0,0,66.00757,20.59446,2.133101
5,53,3,0,2,60.29858,78.10591,1.698316
5,54,1,1,8,292.7282,290.3452,1.436692
5,55,0,1,8,318.9072,313.2577,0.933347
5,56,1,1,8,300.6243,310.1096,3.088241
5,57,3,0,1,57.13995,42.24682,1.899754
5,58,1,1,6,250.1874,235.4697,1.523078
5,59,3,1,1,72.63416,65.24589,3.500496
5,60,3,0,6,248.5518,243.1508,6.384136
5,61,0,1,9,333.7992,338.9708,3.41549
5,62,3,1,9,296.5491,332.7834,3.983432
5,63,0,0,3,132.0947,142.2088,4.380075
5,64,2,1,1,62.73685,43.2612,3.139199
5,65,0,1,7,302.4754,277.8683,6.413392
5,66,0,0,1,95.60605,41.95681,5.330309
5,67,0,0,0,309.0459,3.345483,1.598733
5,68,2,1,0,68.43011,34.50469,1.566408
5,69,1,1,4,128.2029,158.2827,3.42118
5,70,2,0,8,297.8198,317.4926,2.839913
5,71,2,1,5,263.3218,194.4554,1.857116
5,72,1,1,9,357.8608,356.5016,5.174628
5,73,1,1,4,106.5763,145.7704,1.903296
5,74,2,0,4,157.711,163.2058,4.001541
5,75,3,0,3,109.7852,109.439,3.649745
5,76,1,1,5,229.3799,203.8903,1.77325
5,77,0,0,7,244.1223,281.4253,3.766408
5,78,0,0,7,244.7201,258.619,2.397994
5,79,3,1,5,197.358,206.4511,1.882304
5,80,3,1,9,309.2281,324.5491,2.450582
5,81,0,1,0,14.0701,8.171051,3.015015
5,82,3,0,5,211.8073,204.0979,2.75013
5,83,2,1,7,290.5962,269.5607,1.271704
5,84,1,0,0,70.78867,19.83665,4.789634
5,85,3,1,2,87.20413,104.1419,10.40089
5,86,3,1,3,115.2413,119.0717,4.20033
5,87,2,1,8,340.5072,307.7637,2.28266
5,88,0,0,6,247.2353,250.9707,2.431894
5,89,1,1,6,250.6783,220.0185,4.038784
5,90,2,1,0,47.13919,33.4851,5.374202
5,91,2,0,9,3.209198,357.4344,3.136923
5,92,1,1,9,332.6608,332.7388,2.989995
5,93,3,1,1,39.48361,53.46628,1.950275
5,94,1,1,7,271.2386,263.4628,3.738422
5,95,1,0,6,242.1309,231.0497,1.137375
5,96,0,1,7,296.6224,261.9709,2.261985
5,97,0,0,3,112.6505,133.4139,1.116811
5,98,1,0,7,238.3183,263.2273,2.821802
5,99,0,0,1,111.0972,59.35662,4.598692
5,100,0,1,9,1.265839,357.1804,11.74875
5,101,2,1,9,0.446106,344.2527,6.075012
5,102,1,1,3,89.72318,114.1852,2.420307
5,103,1,1,1,75.62338,65.17373,3.205225
5,104,3,1,0,36.18384,34.88187,5.01458
5,105,0,1,1,62.49402,69.96774,5.032906
5,106,0,0,8,241.8872,307.6008,1.517054
5,107,0,0,9,280.6031,333.1392,3.40088
5,108,0,0,6,242.1457,248.2366,6.593863
5,109,2,0,2,124.5436,98.57398,5.855125
5,110,2,1,5,178.4922,189.6988,18.83965
5,111,1,0,8,270.1858,308.8055,7.189897
5,112,3,1,0,0.0892334,6.807468,3.833843
5,113,1,0,0,90.18768,25.61975,2.440406
5,114,3,1,0,8.994171,28.69675,3.783815
5,115,1,1,4,178.0016,171.9175,9.489305
5,116,0,0,3,116.2182,110.309,2.748517
5,117,3,1,5,190.078,204.7409,2.700819
5,118,0,1,5,257.4238,197.1981,4.832841
5,119,2,1,8,282.8466,301.5923,3.121636
5,120,3,0,5,235.4315,199.6238,1.333038
5,121,0,1,0,10.62033,3.659121,1.847986
5,122,2,0,6,245.1297,234.3286,1.920885
5,123,1,1,9,318.1814,344.6605,2.004776
5,124,3,1,1,65.83276,60.40414,4.282026
5,125,1,0,7,246.841,273.4514,4.071536
5,126,2,0,6,237.9136,232.7841,4.239912
5,127,1,1,7,258.7988,267.3596,1.454894
5,128,0,0,0,358.7592,9.596066,2.998364
5,129,2,0,9,353.7501,338.5313,3.105364
5,130,3,0,3,141.7297,122.8633,2.750651
5,131,2,1,1,48.55212,71.26895,6.623835
5,132,0,0,0,72.52469,31.41598,3.779
5,133,2,1,7,289.385,274.4311,2.505202
5,134,2,1,5,186.3766,187.9444,2.956661
5,135,3,1,8,289.748,294.4362,1.616748
5,136,1,0,6,237.5411,232.5768,2.554487
5,137,3,1,8,299.162,297.115,2.582026
5,138,0,1,5,210.4734,189.6834,3.296341
5,139,2,1,6,306.2387,247.9448,2.474003
5,140,1,0,7,240.15,275.3385,5.239001
5,141,0,0,4,162.7312,151.6465,4.115697
5,142,2,0,7,217.8965,263.807,4.856164
5,143,3,0,0,359.4024,1.918084,4.084005
5,144,1,1,4,132.6737,177.7558,5.656291
5,145,1,1,8,298.6633,303.9702,6.456071
5,146,0,0,8,269.2007,292.9427,1.481578
5,147,1,1,7,287.1431,269.027,2.923021
5,148,1,1,0,61.33545,35.63987,2.022006
5,149,0,0,8,290.0562,318.4367,4.597672
5,150,3,1,0,26.86639,30.5322,4.566639
5,151,0,1,9,314.467,329.2675,1.544204
5,152,1,0,0,88.81982,20.89317,3.681774
5,153,2,1,6,257.8445,216.1951,6.456556
5,154,3,1,5,179.4632,189.1458,3.547613
5,155,0,1,8,303.2128,291.5421,4.050005
5,156,2,0,6,247.0537,247.571,2.139933
5,157,0,1,4,178.4504,175.7966,6.579398
5,158,3,1,0,0.6483459,3.015284,3.500134
5,159,3,1,6,247.3692,229.789,1.783598
5,160,2,1,5,280.8187,214.4367,4.107061
5,161,0,0,2,118.1842,84.96633,4.365077
5,162,1,1,2,110.2281,107.1678,2.654493
5,163,2,1,4,124.769,154.0517,4.83941
5,164,1,1,4,150.5968,147.1554,2.005566
5,165,0,0,5,194.7106,189.1546,5.163337
5,166,0,0,2,116.4938,102.8868,4.498707
5,167,3,1,5,178.7691,182.6486,5.334037
5,168,0,1,4,96.35965,157.7649,2.762874
5,169,3,1,2,80.939,73.2205,1.966774
5,170,0,1,2,71.37744,101.4236,3.299929
5,171,3,1,6,241.2321,216.6849,2.867154
5,172,2,0,0,355.4817,13.72766,4.622118
5,173,1,1,2,76.45947,91.67115,3.940731
5,174,3,0,8,278.0804,295.5441,6.033848
5,175,2,1,5,270.5239,196.1786,5.271556
5,176,2,1,4,85.43738,148.8044,3.805552
5,177,0,0,7,263.9419,283.9714,3.481375
5,178,0,1,9,359.4495,357.5467,5.416903
5,179,0,1,6,267.7364,225.8059,6.752836
5,180,2,0,7,270.0335,282.1071,16.67288
5,181,3,0,2,87.83655,72.20634,3.749762
5,182,0,1,3,84.92987,130.2632,3.349764
5,183,3,1,3,126.4514,116.6547,2.132522
5,184,1,1,1,51.83896,38.75449,5.219654
5,185,0,0,1,98.18616,57.82713,8.664348
5,186,1,1,3,114.3264,126.938,5.756301
5,187,2,0,8,286.4596,318.0652,2.639096
5,188,0,0,2,113.4794,79.08266,3.751142
5,189,1,0,2,107.6011,88.91824,3.572003
5,190,3,0,3,150.4012,141.3143,2.65005
5,191,0,1,0,17.39554,35.29784,6.750429
5,192,3,1,2,86.14301,91.60417,3.466872
5,193,3,1,6,264.9575,241.5205,7.867235
5,194,2,1,3,99.84277,136.4787,4.890357
5,195,0,1,9,329.5178,332.3872,3.098708
5,196,2,1,6,295.4222,224.4223,5.505845
5,197,3,0,2,86.39777,85.61889,10.03408
5,198,1,1,7,270.2047,252.049,8.689287
5,199,0,1,7,294.9184,273.7919,4.616136
5,200,3,0,8,312.3638,298.0074,2.249541
5,201,0,0,2,112.7721,90.34955,3.366564
5,202,2,0,9,332.9115,343.6851,1.687409
5,203,0,1,9,356.4324,332.6264,18.29322
5,204,2,0,6,225.1913,233.9292,5.890003
5,205,2,1,2,72.24167,99.44036,2.523688
5,206,3,0,4,149.5192,165.0426,5.212942
5,207,0,0,0,179.3441,9.860257,18.03509
5,208,0,1,5,270.3769,210.9172,2.69708
5,209,3,0,2,90.27866,76.02415,11.60097
5,210,3,1,7,274.4622,256.1374,3.067081
5,211,2,0,9,301.138,327.0818,4.340291
5,212,2,1,8,282.4161,293.6697,3.573237
5,213,1,0,3,158.1594,120.1018,1.004061
5,214,2,1,9,324.221,339.4908,5.374087
5,215,1,1,2,117.4865,99.49847,3.220246
5,216,0,0,8,243.1835,310.4182,4.081346
5,217,3,0,7,244.8698,260.4962,2.349335
5,218,0,0,1,107.8988,49.99925,2.215278
5,219,2,0,6,245.1388,219.1881,1.938856
5,220,3,0,3,106.1162,129.6623,3.814881
5,221,1,1,7,297.3819,284.5136,3.07193
5,222,3,0,1,65.4541,49.75963,3.350185
5,223,1,0,5,236.2504,208.9258,2.905282
5,224,3,1,1,62.81488,61.5862,1.983926
5,225,2,1,3,81.46265,114.0006,2.491063
5,226,0,1,8,285.4116,290.3458,3.082899
5,227,0,0,8,248.1614,289.8876,2.732809
5,228,2,1,9,342.864,349.8438,1.721521
5,229,2,0,8,323.5642,307.8893,3.622859
5,230,3,0,9,323.8879,328.4863,2.083079
5,231,3,0,8,269.3394,298.169,6.782197
5,232,0,1,4,110.7726,148.267,2.951596
5,233,1,1,7,272.2259,270.9554,5.172751
5,234,0,0,0,83.24847,24.07031,8.983027
5,235,2,1,4,108.1634,149.7683,5.406604
5,236,1,1,0,13.42566,28.09735,1.605195
5,237,3,1,4,178.9585,176.571,9.583816
5,238,3,0,5,178.3733,193.3943,2.382744
5,239,0,0,1,82.27402,50.7593,3.082839
5,240,3,1,9,343.0639,347.1323,6.333337
5,241,3,0,5,204.9998,198.0062,4.833437
5,242,3,1,6,259.5224,226.3674,2.733266
5,243,2,1,7,285.3805,281.3174,4.974042
5,244,1,0,6,240.1664,243.3649,2.638363
5,245,1,1,1,55.89459,43.57407,3.38812
5,246,3,0,2,89.26025,76.99902,6.33514
5,247,1,1,5,183.1179,188.2729,5.338098
5,248,0,0,2,104.91,83.46346,6.532187
5,249,3,0,4,177.5417,163.2834,5.817309
5,250,1,1,9,355.2569,352.6421,2.455946
5,251,0,0,5,184.4693,186.691,2.764797
5,252,0,0,6,256.296,231.0418,1.749383
5,253,0,1,1,68.00409,58.76959,4.817564
5,254,3,0,9,1.728394,354.059,17.78265
5,255,2,1,7,287.0474,256.1507,6.604652
5,256,0,1,6,280.362,228.6634,3.182875
5,257,0,0,3,120.7394,128.0668,2.432917
5,258,2,0,8,293.7036,306.842,4.704858
5,259,2,1,2,70.94482,90.72813,2.207063
5,260,0,1,1,70.84625,59.44135,2.766486
5,261,0,0,4,126.7797,148.3855,1.816334
5,262,3,1,2,92.81729,101.6784,5.316422
5,263,0,0,5,203.454,215.3403,3.330673
5,264,2,1,1,14.81174,39.09849,4.672778
5,265,2,1,4,125.3194,154.3164,2.23911
5,266,1,0,3,123.8805,130.6912,2.039475
5,267,1,0,9,269.3103,356.5397,7.589708
5,268,0,0,6,245.2159,230.1638,2.999907
5,269,2,1,3,132.7458,123.8979,1.70585
5,270,0,0,5,194.7873,203.0796,7.484778
5,271,2,0,2,117.6114,89.41315,4.26916
5,272,2,1,0,5.319,13.08945,5.921498
5,273,1,0,1,113.4029,63.70906,2.321029
5,274,2,1,7,294.3126,275.1893,4.889307
5,275,1,1,8,302.2239,312.5135,0.7375423
5,276,3,1,3,116.9631,143.1528,4.964882
5,277,0,0,6,226.5134,224.3913,1.29886
5,278,2,0,4,167.2677,157.5675,2.507028
5,279,2,1,6,269.1839,228.0123,1.921788
5,280,3,1,9,354.849,347.3537,7.949908
5,281,1,1,3,90.90588,113.9756,3.55192
5,282,2,0,6,242.2354,240.831,2.204927
5,283,1,1,4,178.1923,171.7083,13.22446
5,284,1,1,9,334.6401,332.8909,1.921903
5,285,2,0,5,215.8914,213.1996,9.10639
5,286,0,1,8,317.1232,316.211,5.098814
5,287,0,0,0,72.56406,30.7782,1.614042
5,288,3,0,3,118.2674,126.5054,3.849427
5,289,0,1,6,304.1327,236.3909,2.614102
5,290,2,1,4,122.2675,159.3711,3.821424
5,291,3,0,9,304.8235,330.6915,3.849319
5,292,2,0,2,88.57721,80.69093,3.455204
5,293,3,1,4,145.3305,148.0158,3.199342
5,294,2,0,3,110.101,120.1989,4.073273
5,295,3,0,0,33.08539,27.8753,2.182105
5,296,0,0,9,289.4593,335.1993,4.547745
5,297,2,0,9,342.1505,353.8673,2.856124
5,298,2,1,2,59.61285,98.40603,2.431569
5,299,0,0,8,249.892,290.1552,7.065532
5,300,1,0,4,159.3475,158.0116,1.623651
5,301,3,1,2,77.49335,77.42041,2.383108
5,302,2,1,5,195.052,186.6578,10.12329
5,303,0,1,8,311.4703,299.3836,1.648715
5,304,1,1,3,119.227,143.455,2.72318
5,305,2,1,1,34.48373,42.09703,2.905241
5,306,2,1,0,4.883026,16.23822,3.121683
5,307,2,0,7,260.3246,271.9742,2.523382
5,308,2,1,6,317.412,217.0341,5.371613
5,309,2,1,9,357.7623,356.8434,14.58786
5,310,1,1,8,287.0346,296.1866,1.802478
5,311,3,0,5,184.855,188.9948,3.166351
5,312,0,0,2,89.46265,76.57475,8.04772
5,313,2,0,7,268.2144,279.7481,9.637759
5,314,2,0,5,180.8471,182.7817,10.18928
5,315,2,1,0,50.62677,33.68667,2.272916
5,316,1,1,4,178.5075,166.3085,6.122257
5,317,3,0,7,298.8573,279.2232,1.667039
5,318,0,0,5,204.6586,202.4928,2.698005
5,319,1,0,2,96.6424,77.42258,4.507547
5,320,1,1,9,330.3411,343.8864,3.804964
5,321,3,1,5,179.3044,185.1078,5.000653
5,322,0,0,4,179.7603,175.7439,13.80015
5,323,3,1,0,64.98602,25.19696,5.266643
5,324,0,0,0,0.2333984,4.152738,1.481808
5,325,1,0,3,122.1527,111.2931,1.667086
5,326,0,0,1,90.87463,36.90031,4.233469
5,327,3,1,8,284.1677,296.7583,1.566121
5,328,1,1,9,350.1319,346.7871,3.622303
5,329,1,1,8,277.3466,303.2947,2.139126
5,330,3,0,8,311.1412,301.3461,2.783294
5,331,1,0,0,64.91086,21.62392,7.321594
5,332,2,0,6,247.9526,228.7966,5.039459
5,333,3,0,4,168.7261,161.4819,4.033749
5,334,2,0,4,175.8917,167.8367,4.274233
5,335,0,0,8,266.8141,307.9572,2.684108
5,336,3,1,8,326.4258,312.2325,1.749197
5,337,3,1,4,120.0608,145.7165,7.899283
5,338,2,1,1,45.28183,64.43729,4.606717
5,339,0,0,6,199.9702,225.6493,5.598879
5,340,3,0,2,91.47015,100.8255,4.33395
5,341,0,1,5,179.4896,191.4441,3.181489
5,342,0,0,9,277.5336,353.7867,5.948076
5,343,1,0,0,81.94324,31.02185,3.490326
5,344,3,0,6,227.4324,248.8623,2.584072
5,345,0,1,6,269.9353,234.2945,4.829545
5,346,2,0,0,71.96313,32.71723,2.438774
5,347,1,0,7,227.186,272.1337,1.370243
5,348,3,0,5,223.7493,212.3612,1.650225
5,349,3,1,0,56.83932,31.89796,3.366991
5,350,0,1,9,354.4397,341.3716,2.748212
5,351,2,0,0,84.07727,32.34758,5.254962
5,352,2,0,9,323.2632,337.754,2.588396
5,353,0,0,8,232.2813,315.8435,2.400273
5,354,2,0,0,48.08673,13.94741,10.7556
5,355,1,0,3,142.3034,128.6328,1.920059
5,356,0,0,8,229.4469,303.6098,2.860048
5,357,0,1,9,349.6169,338.3325,2.532326
5,358,1,1,0,16.93314,21.36426,4.472223
5,359,3,0,3,115.2014,128.5609,5.182769
5,360,1,0,4,179.955,166.2276,7.054267
5,361,0,0,3,113.193,118.9123,2.934145
5,362,3,0,4,151.2715,160.7692,4.450181
5,363,0,1,7,308.2672,256.8429,4.482249
5,364,2,1,6,301.8651,241.1236,1.905604
5,365,1,1,2,72.82101,100.6626,4.455399
5,366,2,0,2,105.4058,103.1647,1.889788
5,367,3,0,2,53.06558,79.94897,1.449994
5,368,3,0,5,222.1828,194.4809,2.266796
5,369,2,0,5,237.6522,212.5724,9.104897
5,370,0,1,9,0.01348877,356.9384,11.43015
5,371,1,1,2,83.31512,78.79199,1.723314
5,372,0,1,3,80.96973,126.095,1.280432
5,373,2,1,7,282.4801,265.9892,3.004885
5,374,3,1,4,136.4429,157.6888,4.333798
5,375,1,1,8,308.1527,319.9612,3.22076
5,376,2,0,2,91.38953,76.83494,3.57105
5,377,0,1,1,80.48663,43.93528,3.634439
5,378,3,0,2,102.5663,100.925,1.549398
5,379,2,1,7,283.1799,266.2328,3.888638
5,380,2,1,8,301.4133,318.8606,1.97147
5,381,0,0,8,259.5734,319.9708,5.380522
5,382,1,0,5,185.4412,186.9589,3.969631
5,383,1,1,9,331.828,343.0794,6.688537
5,384,3,1,6,238.957,226.2323,1.049747
5,385,0,0,6,200.481,220.6984,2.282497
5,386,1,1,0,29.47919,15.28309,6.140855
5,387,2,0,6,247.4442,221.1401,3.304655
5,388,3,0,3,90.25348,109.0688,5.000777
5,389,1,1,0,37.29498,34.66375,4.824028
5,390,1,1,7,285.958,265.1033,5.288333
5,391,3,1,3,97.54709,122.4834,3.566782
5,392,1,0,1,90.38354,64.47095,7.855152
5,393,0,0,8,244.6798,298.7407,3.64602
5,394,2,0,6,240.4079,247.5176,6.787415
5,395,3,0,7,294.5463,287.8879,2.916878
5,396,0,1,9,329.1797,338.5603,3.015569
5,397,2,1,2,62.54852,84.66201,3.472586
5,398,1,1,2,90.28662,98.8893,4.587548
5,399,3,0,2,125.3564,84.95464,4.633542
5,400,1,0,6,217.7001,218.0409,2.907266
5,401,3,1,6,245.8189,228.6315,3.066313
5,402,2,0,9,359.5711,358.6358,5.070654
5,403,3,1,9,0.5617981,350.3818,7.581212
5,404,3,0,4,143.3996,155.9802,5.13259
5,405,2,1,5,249.0216,204.8306,7.772223
5,406,3,0,4,134.8556,146.5328,1.082388
5,407,1,0,2,116.8458,97.0776,2.831776
5,408,3,1,4,180.4152,174.1126,16.64972
5,409,3,1,2,85.50204,82.72507,3.850455
5,410,3,0,2,89.46802,105.1141,4.75053
5,411,3,0,5,195.253,197.8962,3.100369
5,412,2,1,2,62.35675,99.0742,3.540395
5,413,2,0,3,114.5303,124.8494,2.157399
5,414,3,0,3,123.0854,140.3958,4.299672
5,415,0,1,1,18.16702,36.7775,1.514419
5,416,3,0,1,99.61417,52.18232,2.933364
5,417,0,0,6,246.0647,242.213,3.215251
5,418,1,1,8,297.8357,306.3432,4.339626
5,419,0,0,1,58.02454,50.04295,6.63268
5,420,3,0,6,236.7874,222.2613,1.216693
5,421,1,0,0,39.02298,8.39143,3.704603
5,422,2,1,8,284.7879,317.566,2.08861
5,423,0,1,1,50.88971,44.78693,7.997027
5,424,3,0,4,145.9843,146.3222,1.650428
5,425,2,1,1,62.15396,60.96649,5.623405
5,426,0,1,4,179.6465,170.4576,6.648467
5,427,0,0,6,231.8509,240.768,2.566018
5,428,3,1,7,294.0396,281.8969,0.783787
5,429,3,1,7,299.9157,275.2996,8.633068
5,430,1,1,3,146.0224,142.4148,1.506622
5,431,3,1,3,136.6768,130.36,4.917466
5,432,2,0,8,299.5119,317.1422,3.788976
5,433,3,0,0,60.39685,34.07575,1.733825
5,434,1,0,7,244.9014,254.0409,3.789315
5,435,2,0,8,306.0883,311.962,6.956484
5,436,3,1,7,303.751,285.9009,1.850426
5,437,2,1,6,271.9908,223.8517,5.689806
5,438,0,1,0,72.66467,28.04505,4.400194
5,439,2,1,3,80.53918,126.3063,4.555737
5,440,2,0,7,243.1705,256.5828,0.9882135
5,441,1,0,6,237.4863,235.7727,1.305761
5,442,3,1,9,343.2895,345.0414,1.400291
5,443,0,1,0,33.28778,28.06882,3.547571
5,444,2,1,0,26.48349,22.27502,1.689428
5,445,2,1,7,282.7643,261.9373,4.922223
5,446,1,1,8,270.1177,291.8382,3.088876
5,447,3,1,1,69.92822,49.23714,3.129892
5,448,1,0,2,122.7719,98.55341,4.972663
5,449,2,1,8,310.3573,306.212,5.356672
5,450,2,0,1,83.81973,63.01579,4.124207
5,451,2,0,4,155.2776,155.479,6.740161
5,452,2,1,1,59.9649,49.71539,2.572187
5,453,2,1,3,78.60675,110.4225,3.672402
5,454,2,1,5,178.8312,184.0317,6.471371
5,455,2,1,6,269.8643,217.2213,5.620618
5,456,3,1,5,204.0826,210.8606,2.949067
5,457,0,1,5,209.1937,193.5078,3.947141
5,458,3,1,3,128.7985,142.9276,4.715972
5,459,1,0,7,224.0739,255.3468,4.270117
5,460,3,0,0,6.98465,9.322107,4.565962
5,461,0,1,4,109.5148,163.4028,4.082467
5,462,1,1,5,180.48,180.6046,3.037385
5,463,3,0,4,122.2377,149.2865,4.200096
5,464,2,1,0,30.48016,22.52308,2.00587
5,465,3,0,1,80.22192,66.75073,2.967102
5,466,2,0,2,90.75784,95.14848,7.604872
5,467,2,0,5,248.3233,207.6976,1.207356
5,468,1,1,9,0.4118652,355.6425,4.154807
5,469,1,1,6,244.401,238.05,2.389076
5,470,1,0,3,115.6378,121.4214,1.437518
5,471,2,1,4,125.6462,163.3906,3.188432
5,472,2,0,0,358.1589,8.14756,5.273345
5,473,2,0,8,297.9062,312.1406,3.373699
5,474,2,1,1,69.81213,60.56214,3.389692
5,475,2,0,1,81.99377,53.72022,2.925726
5,476,3,0,3,130.895,136.3946,3.449925
5,477,1,0,8,243.4873,310.8197,3.222131
5,478,1,0,6,240.5772,247.0656,2.106622
5,479,1,1,5,181.1839,199.5336,2.255467
5,480,1,1,4,112.4371,167.673,2.138114
5,481,0,0,3,149.556,126.4593,4.099455
5,482,0,1,6,269.3715,234.1042,5.213961
5,483,3,1,9,359.7291,357.252,6.734149
5,484,1,1,6,248.172,237.7102,2.656275
5,485,3,0,7,252.3813,252.9009,1.49809
5,486,3,0,9,328.7263,352.3483,1.949035
5,487,1,0,2,107.3919,90.78233,1.522556
5,488,2,0,0,20.00613,21.28694,4.571668
5,489,3,0,2,122.2073,107.5434,1.116709
5,490,0,0,6,241.8266,247.0811,4.215269
5,491,1,1,3,110.9736,122.7272,1.171198
5,492,0,0,8,238.8825,288.4376,1.516313
5,493,0,0,5,184.034,196.3903,4.249007
5,494,1,0,7,256.1596,276.4971,3.987926
5,495,2,0,6,244.6863,243.5412,4.172972
5,496,2,0,3,114.6608,126.3564,3.154261
5,497,0,1,6,290.2177,244.7574,1.53213
5,498,2,1,8,331.8262,312.6745,2.937965
5,499,2,0,4,180.5626,175.3276,15.30575
5,500,3,0,1,64.56485,42.90054,1.515852
5,501,1,1,4,140.7961,144.94,1.271985
5,502,1,1,8,284.7387,295.8607,3.304696
5,503,3,0,6,232.2147,250.1682,2.233589
5,504,2,0,3,119.5991,129.3742,1.516914
5,505,0,1,8,306.9896,293.3616,3.46552
5,506,1,0,5,209.1628,187.5044,2.556253
5,507,0,0,4,175.6272,168.2537,4.449728
5,508,2,1,7,337.3998,287.1272,8.256956
5,509,2,0,0,12.24155,1.516774,3.387316
5,510,1,0,1,80.52228,39.92998,2.271999
5,511,1,1,8,308.9608,316.1013,1.705544
5,512,2,1,9,2.012848,348.5011,4.123321
5,513,0,0,5,180.6749,197.2614,8.998555
5,514,2,1,3,68.73611,122.799,3.489143
5,515,3,1,9,315.0639,343.9259,6.367268
5,516,3,0,0,0.5716553,1.991761,5.934125
5,517,3,1,9,359.9323,352.1698,2.650248
5,518,3,0,1,75.76544,48.38074,1.383512
5,519,0,1,2,66.18378,72.70869,2.132102
5,520,1,1,9,342.8589,344.1935,7.656647
5,521,2,1,4,179.4577,166.6229,5.607243
5,522,1,0,9,0.5053406,353.7787,7.255277
5,523,3,0,2,115.621,104.8478,10.55085
5,524,0,0,3,115.1064,124.065,2.35015
5,525,0,1,3,85.29718,133.1793,4.816863
5,526,3,0,2,120.2451,105.2201,2.217148
5,527,1,0,0,343.8747,0.379745,1.672589
5,528,1,1,0,49.81985,31.2386,5.989489
5,529,0,1,5,206.4746,190.1818,1.432969
5,530,0,1,1,63.37067,41.64968,1.932486
5,531,0,0,1,90.30829,43.49699,5.813662
5,532,0,1,2,70.09482,76.74133,3.316547
5,533,2,1,8,279.2921,292.5085,3.638501
5,534,0,0,9,296.0496,331.3301,1.548766
5,535,0,0,5,204.1729,203.384,1.230221
5,536,3,0,6,220.3595,240.7372,4.166471
5,537,2,1,1,59.13101,45.33704,2.87257
5,538,3,1,5,231.8543,205.9978,1.849655
5,539,0,1,7,305.7076,271.6659,5.766414
5,540,0,0,0,65.84186,32.35889,4.083549
5,541,3,1,4,122.8764,152.286,6.166223
5,542,0,0,9,300.7126,345.2997,2.865116
5,543,0,1,6,276.945,231.5643,2.948117
5,544,2,0,0,358.6273,6.670975,3.637896
5,545,1,1,7,275.2791,269.943,5.389284
5,546,0,0,6,235.1643,229.1417,2.9975
5,547,3,0,3,117.8717,141.811,1.515424
5,548,0,1,3,109.7621,135.277,2.881533
5,549,0,1,5,250.6772,207.2628,2.500323
5,550,0,0,0,69.87732,31.15477,3.014251
5,551,3,1,8,301.935,307.0283,4.149193
5,552,1,1,5,239.928,208.6259,1.638643
5,553,1,0,7,256.2541,278.7635,2.638937
5,554,1,0,8,235.996,305.1966,2.204947
5,555,0,1,0,18.0957,15.51817,1.299191
5,556,3,0,5,191.9167,191.3201,1.617186
5,557,3,0,7,270.0305,257.1279,9.934116
5,558,0,0,1,85.88553,36.10911,4.790418
5,559,1,0,6,210.1272,227.1739,2.055619
5,560,3,1,6,210.4907,224.3607,3.53389
5,561,1,1,4,138.4854,152.3073,1.240045
5,562,0,1,7,286.3261,277.7156,3.264835
5,563,1,0,2,119.1114,104.5049,1.387902
5,564,2,0,1,99.9501,63.96416,1.373489
5,565,1,1,2,89.77243,104.2752,5.923321
5,566,2,0,1,66.18817,43.14154,1.322665
5,567,1,1,0,68.1629,31.86438,1.922808
5,568,2,0,5,188.5423,189.1265,4.638441
5,569,1,0,3,127.9812,135.1013,2.636938
5,570,1,1,0,29.77759,17.62252,11.23984
5,571,0,1,6,270.6344,220.659,3.616868
5,572,0,1,8,330.651,313.562,1.898828
5,573,2,0,1,51.74854,60.47368,4.740901
5,574,2,0,8,286.9652,301.7629,2.789285
5,575,3,1,5,186.442,184.854,5.80062
5,576,0,1,8,289.2085,299.829,1.917242
5,577,1,0,8,295.6436,317.8929,2.071649
5,578,0,0,0,70.83136,33.76232,2.999189
5,579,2,0,9,336.8481,338.7054,3.125055
5,580,1,1,6,271.018,228.9896,5.854513
5,581,1,0,4,154.0207,159.7442,2.321702
5,582,3,0,6,241.3509,231.3239,2.766938
5,583,0,0,3,138.0446,143.6151,2.632104
5,584,3,0,5,222.5449,211.2579,1.583325
5,585,1,0,1,108.763,57.56643,1.705877
5,586,0,1,3,84.46484,133.0655,2.200025
5,587,2,0,4,184.2376,171.0953,3.30449
5,588,3,0,9,346.6437,358.4956,1.597989
5,589,0,0,7,245.3472,256.6564,1.481777
5,590,3,1,4,162.4476,148.7375,4.51641
5,591,0,0,1,106.3717,55.62273,4.64993
5,592,2,1,7,299.846,258.4124,3.704368
5,593,2,0,0,358.1636,5.551113,3.004797
5,594,2,0,0,79.14688,30.35221,4.672983
5,595,3,0,7,253.655,260.0021,3.100007
5,596,0,1,0,16.97723,22.10457,2.798639
5,597,1,0,5,188.0138,197.074,4.05567
5,598,2,0,2,89.64203,89.89103,11.7254
5,599,2,1,8,284.837,315.8793,4.024592
5,600,0,1,4,91.64728,144.1984,4.163473
5,601,1,1,8,295.2847,314.8202,1.686642
5,602,0,1,1,53.12836,50.92099,3.284458
5,603,2,0,6,228.3477,243.4258,1.470694
5,604,2,1,8,300.1452,318.096,1.671343
5,605,3,0,0,357.3728,24.1983,9.550936
5,606,1,1,7,268.3285,280.3544,2.82191
5,607,3,0,2,89.49774,86.43327,9.401203
5,608,3,1,7,269.1611,252.2626,8.750745
5,609,3,1,3,136.4166,139.4532,1.700483
5,610,0,0,9,283.192,343.5364,3.635514
5,611,2,0,4,156.9967,148.7821,3.305629
5,612,1,0,7,227.8037,287.469,1.520086
5,613,2,0,8,302.119,317.4318,3.757481
5,614,3,1,7,268.4705,260.587,22.25253
5,615,0,0,7,265.1156,282.088,2.282178
5,616,2,0,3,118.1488,134.7576,3.350332
5,617,1,1,7,292.6026,276.9279,5.239433
5,618,0,1,3,62.49933,112.2403,2.050312
5,619,0,1,6,303.1854,233.4677,2.399169
5,620,1,0,4,178.9405,174.4103,6.705813
5,621,1,0,6,239.381,250.9497,7.02241
5,622,2,1,7,294.5793,253.8115,0.8728119
5,623,3,1,9,358.0109,351.8315,5.649044
5,624,0,1,1,65.8613,68.1647,4.016969
5,625,1,0,0,72.49139,28.51347,5.023692
5,626,0,0,7,244.8705,277.3258,1.53281
5,627,3,1,3,122.1662,132.6161,3.500448
5,628,2,1,4,181.0743,176.9348,4.589252
5,629,3,1,3,108.7447,119.8361,4.700625
5,630,2,1,0,14.89807,18.09607,1.940522
5,631,3,1,5,180.2619,181.659,3.532519
